State,City,UnleadedPetrol,PremiumUnleadedPetrol,UnleadedPetrol E10,UnleadedPetrol 98,Diesel,BiodieselB5,Date
NEW SOUTH WALES,SYDNEY,235.96,246.49,235.41,259.97,257.77,N/A,2026-10-09
NEW SOUTH WALES,NEWCASTLE,N/A,N/A,N/A,N/A,257.46,N/A,2026-10-09
NORTHERN TERRITORY,DARWIN,243.41,256.81,N/A,N/A,261.46,N/A,2026-10-09
QUEENSLAND,BRISBANE,237.99,248.42,238.37,262.13,259.53,264.24,2026-10-09
QUEENSLAND,GLADSTONE,246.20,255.87,N/A,N/A,260.43,N/A,2026-10-09
QUEENSLAND,MACKAY,246.71,N/A,N/A,N/A,260.16,N/A,2026-10-09
QUEENSLAND,TOWNSVILLE,245.07,257.87,N/A,272.58,262.06,N/A,2026-10-09
QUEENSLAND,CAIRNS,245.27,261.98,N/A,N/A,262.23,N/A,2026-10-09
QUEENSLAND,WEIPA,272.69,N/A,N/A,N/A,276.34,N/A,2026-10-09
SOUTH AUSTRALIA,ADELAIDE,238.58,248.67,239.57,263.42,257.53,N/A,2026-10-09
SOUTH AUSTRALIA,PORT LINCOLN,249.45,N/A,N/A,273.94,268.20,N/A,2026-10-09
TASMANIA,HOBART,245.25,258.21,N/A,273.55,262.78,N/A,2026-10-09
TASMANIA,DEVONPORT,245.16,258.16,N/A,N/A,263.55,N/A,2026-10-09
VICTORIA,MELBOURNE,237.26,247.69,237.63,261.70,257.16,N/A,2026-10-09
VICTORIA,GEELONG,237.26,247.69,N/A,261.70,257.16,N/A,2026-10-09
WESTERN AUSTRALIA,PERTH,237.07,251.64,N/A,265.46,254.03,N/A,2026-10-09
WESTERN AUSTRALIA,BROOME,315.50,326.66,N/A,N/A,292.46,N/A,2026-10-09
WESTERN AUSTRALIA,PORT HEDLAND,N/A,N/A,N/A,N/A,285.38,N/A,2026-10-09
WESTERN AUSTRALIA,ESPERANCE,N/A,N/A,N/A,N/A,260.84,N/A,2026-10-09
WESTERN AUSTRALIA,DAMPIER,N/A,N/A,N/A,N/A,275.32,N/A,2026-10-09
WESTERN AUSTRALIA,COCOS Island,N/A,454.80,N/A,N/A,297.20,N/A,2026-10-09
WESTERN AUSTRALIA,KING BAY,N/A,N/A,N/A,N/A,275.32,N/A,2026-10-09
